{"cameraMode":{"drawMode":0,"name":"Shaded","section":"Shading Mode"},"sceneLighting":true,"audioPlay":false,"sceneViewState":{"m_AlwaysRefresh":false,"showFog":true,"showSkybox":true,"showFlares":true,"showImageEffects":true,"showParticleSystems":true,"showVisualEffectGraphs":true,"m_FxEnabled":true},"in2DMode":false,"pivot":{"x":-0.8462061882019043,"y":1.4023529291152955,"z":1.9433116912841797},"rotation":{"x":0.1319924145936966,"y":-0.3653217852115631,"z":0.05241362005472183,"w":0.9199844598770142},"size":2.904974937438965,"orthographic":false}