{"cameraMode":{"drawMode":0,"name":"Shaded","section":"Shading Mode"},"sceneLighting":false,"audioPlay":false,"sceneViewState":{"m_AlwaysRefresh":false,"showFog":true,"showSkybox":false,"showFlares":true,"showImageEffects":true,"showParticleSystems":true,"showVisualEffectGraphs":true,"m_FxEnabled":true},"in2DMode":false,"pivot":{"x":0.07219427824020386,"y":2.269993543624878,"z":-0.024989545345306398},"rotation":{"x":0.1319924145936966,"y":-0.3653217852115631,"z":0.05241362005472183,"w":0.9199844598770142},"size":1.6303160190582276,"orthographic":false}