{"cameraMode":{"drawMode":0,"name":"Shaded","section":"Shading Mode"},"sceneLighting":false,"audioPlay":false,"sceneViewState":{"m_AlwaysRefresh":false,"showFog":true,"showSkybox":false,"showFlares":true,"showImageEffects":true,"showParticleSystems":true,"showVisualEffectGraphs":true,"m_FxEnabled":true},"in2DMode":false,"pivot":{"x":0.07485699653625488,"y":1.3484511375427247,"z":0.2259073257446289},"rotation":{"x":0.1453201323747635,"y":-0.18580913543701173,"z":0.027797318994998933,"w":0.9713830351829529},"size":1.6393508911132813,"orthographic":false}